order_id,customer_id,customer_name,sku,qty,promised_delivery_date,shipment_id,sla_tier,penalty_per_day_usd,total_value_usd
ORD-44291,CUST-001,Acme Industrial,P-EL-9001,120,2026-04-30,S-700499,premium,4200,184000
ORD-44218,CUST-005,Wayne Enterprises,P-EL-9001,260,2026-04-22,S-700412,premium,12000,312500
ORD-50000,CUST-006,Stark Industries,P-MC-7100,285,2026-05-29,S-700834,standard,1130,63.0
ORD-50001,CUST-007,Cyberdyne Systems,P-PW-1850,418,2026-05-28,S-701948,standard,1030,10050.0
ORD-50002,CUST-012,Massive Dynamic,P-CH-2211,694,2026-05-25,S-701683,economy,27,172.0
ORD-50003,CUST-009,Pied Piper Logistics,P-PK-4500,631,2026-06-16,S-702590,standard,3499,85.0
ORD-50004,CUST-002,Globex Manufacturing,P-CH-2210,596,2026-05-23,S-702925,standard,1231,1708.0
ORD-50005,CUST-014,Vandelay Industries,P-SW-3002,535,2026-06-05,S-702748,premium,8737,4624.0
ORD-50006,CUST-008,Tyrell Corporation,P-PW-1850,270,2026-05-20,S-703033,standard,3027,1616.0
ORD-50007,CUST-006,Stark Industries,P-PW-1801,240,2026-05-22,S-703143,standard,2761,6123.0
ORD-50008,CUST-008,Tyrell Corporation,P-SN-5001,78,2026-06-07,S-703512,standard,1673,1196.0
ORD-50009,CUST-006,Stark Industries,P-MC-7102,424,2026-05-30,S-702946,standard,2085,186.0
ORD-50010,CUST-014,Vandelay Industries,P-CH-2210,190,2026-06-01,S-700825,standard,3014,4042.0
ORD-50011,CUST-004,Soylent Foods,P-EL-9003,264,2026-05-20,S-702769,standard,2697,3965.0
ORD-50012,CUST-003,Initech Holdings,P-EL-9101,74,2026-05-23,S-703544,premium,17228,2133.0
ORD-50013,CUST-012,Massive Dynamic,P-PK-4500,488,2026-05-21,S-701871,economy,361,453.0
ORD-50014,CUST-003,Initech Holdings,P-SW-3002,592,2026-05-22,S-701767,economy,181,830.0
ORD-50015,CUST-008,Tyrell Corporation,P-PK-4500,368,2026-06-05,S-701453,standard,1642,18938.0
ORD-50016,CUST-004,Soylent Foods,P-SW-3001,172,2026-06-04,S-702499,economy,91,1419.0
ORD-50017,CUST-015,Sirius Cybernetics,P-SW-3002,457,2026-05-21,S-703265,economy,19,448.0
ORD-50018,CUST-005,Wayne Enterprises,P-PW-1850,708,2026-05-21,S-700899,premium,17121,7021.0
ORD-50019,CUST-007,Cyberdyne Systems,P-SW-3001,278,2026-05-21,S-703253,economy,32,1642.0
ORD-50020,CUST-009,Pied Piper Logistics,P-CH-2211,330,2026-06-01,S-701754,standard,942,10424.0
ORD-50021,CUST-002,Globex Manufacturing,P-MC-7102,108,2026-05-20,S-703444,standard,2545,17964.0
ORD-50022,CUST-004,Soylent Foods,P-CH-2211,545,2026-06-19,S-702964,standard,2231,961.0
ORD-50023,CUST-003,Initech Holdings,P-MC-7100,577,2026-05-22,S-701912,premium,9540,1020.0
ORD-50024,CUST-005,Wayne Enterprises,P-EL-9001,489,2026-05-31,S-701016,premium,14501,6540.0
ORD-50025,CUST-010,Hooli Hardware,P-SN-5001,752,2026-05-24,S-702294,standard,1767,782.0
ORD-50026,CUST-014,Vandelay Industries,P-PW-1801,515,2026-06-05,S-700993,premium,13515,5885.0
ORD-50027,CUST-007,Cyberdyne Systems,P-SW-3002,308,2026-05-25,S-702528,premium,4583,12332.0
ORD-50028,CUST-014,Vandelay Industries,P-CH-2210,54,2026-06-06,S-703445,standard,3410,1413.0
ORD-50029,CUST-010,Hooli Hardware,P-EL-9001,745,2026-06-02,S-703539,standard,999,8122.0
ORD-50030,CUST-006,Stark Industries,P-CH-2211,277,2026-05-24,S-702076,standard,941,68133.0
ORD-50031,CUST-013,Umbrella Group,P-EL-9102,634,2026-05-23,S-701823,premium,7355,1368.0
ORD-50032,CUST-012,Massive Dynamic,P-PK-4501,201,2026-05-29,S-702853,standard,2174,44341.0
ORD-50033,CUST-012,Massive Dynamic,P-MC-7101,154,2026-05-24,S-703048,standard,889,2844.0
ORD-50034,CUST-009,Pied Piper Logistics,P-PK-4501,124,2026-06-07,S-702275,standard,3046,12796.0
ORD-50035,CUST-011,Pearson Specialty Chemicals,P-PW-1802,582,2026-05-22,S-701770,premium,12272,1299.0
ORD-50036,CUST-004,Soylent Foods,P-PW-1801,243,2026-06-03,S-702898,premium,7067,6423.0
ORD-50037,CUST-008,Tyrell Corporation,P-MC-7100,550,2026-05-29,S-702466,standard,2827,23802.0
ORD-50038,CUST-008,Tyrell Corporation,P-SN-5001,451,2026-05-21,S-701781,economy,114,9662.0
ORD-50039,CUST-006,Stark Industries,P-SW-3002,537,2026-05-25,S-702857,premium,6264,8611.0
ORD-50040,CUST-005,Wayne Enterprises,P-EL-9001,729,2026-06-02,S-703519,premium,4248,2080.0
ORD-50041,CUST-014,Vandelay Industries,P-MC-7100,67,2026-05-25,S-703313,premium,12882,4151.0
ORD-50042,CUST-008,Tyrell Corporation,P-SN-5001,160,2026-05-23,S-702864,standard,2095,7301.0
ORD-50043,CUST-014,Vandelay Industries,P-SW-3002,487,2026-06-05,S-703019,economy,69,6932.0
ORD-50044,CUST-002,Globex Manufacturing,P-CH-2230,778,2026-05-23,S-702922,premium,8741,2676.0
ORD-50045,CUST-006,Stark Industries,P-EL-9001,100,2026-06-06,S-701068,standard,2941,730.0
ORD-50046,CUST-014,Vandelay Industries,P-EL-9002,761,2026-05-25,S-703589,standard,639,23537.0
ORD-50047,CUST-003,Initech Holdings,P-MC-7200,360,2026-05-29,S-701728,premium,9240,1481.0
ORD-50048,CUST-005,Wayne Enterprises,P-MC-7102,586,2026-06-12,S-703594,standard,1266,666.0
ORD-50049,CUST-011,Pearson Specialty Chemicals,P-MC-7200,368,2026-05-20,S-702881,premium,6023,8318.0
ORD-50050,CUST-014,Vandelay Industries,P-SW-3002,161,2026-06-02,S-702575,standard,715,9628.0
ORD-50051,CUST-001,Acme Industrial,P-SW-3001,541,2026-05-26,S-701051,premium,14813,725.0
ORD-50052,CUST-004,Soylent Foods,P-SN-5001,477,2026-06-09,S-701920,standard,1365,10415.0
ORD-50053,CUST-007,Cyberdyne Systems,P-EL-9001,422,2026-05-22,S-701461,standard,2173,24.0
ORD-50054,CUST-007,Cyberdyne Systems,P-SN-5001,681,2026-05-27,S-701490,standard,3305,26932.0
ORD-50055,CUST-002,Globex Manufacturing,P-PW-1801,445,2026-06-03,S-702810,standard,2341,165689.0
ORD-50056,CUST-002,Globex Manufacturing,P-EL-9003,226,2026-05-24,S-700693,premium,6632,25624.0
ORD-50057,CUST-008,Tyrell Corporation,P-CH-2230,437,2026-06-07,S-702820,standard,2409,1419.0
ORD-50058,CUST-005,Wayne Enterprises,P-CH-2230,375,2026-06-05,S-701296,standard,1199,231.0
ORD-50059,CUST-003,Initech Holdings,P-SW-3002,334,2026-06-03,S-701265,premium,15950,12972.0
ORD-50060,CUST-009,Pied Piper Logistics,P-SW-3001,91,2026-06-25,S-701451,standard,1322,1852.0
ORD-50061,CUST-014,Vandelay Industries,P-PK-4501,122,2026-05-27,S-700913,standard,2764,40419.0
ORD-50062,CUST-004,Soylent Foods,P-CH-2210,48,2026-05-20,S-703572,premium,10637,1969.0
ORD-50063,CUST-006,Stark Industries,P-MC-7101,403,2026-05-26,S-701860,standard,869,1423.0
ORD-50064,CUST-007,Cyberdyne Systems,P-EL-9002,665,2026-05-23,S-701609,economy,110,7332.0
ORD-50065,CUST-011,Pearson Specialty Chemicals,P-SW-3002,119,2026-06-01,S-703373,economy,156,1913.0
ORD-50066,CUST-008,Tyrell Corporation,P-PW-1801,107,2026-05-28,S-703495,economy,108,17384.0
ORD-50067,CUST-009,Pied Piper Logistics,P-MC-7102,516,2026-05-20,S-701933,premium,6479,163.0
ORD-50068,CUST-010,Hooli Hardware,P-MC-7101,176,2026-05-21,S-702414,standard,876,82.0
ORD-50069,CUST-005,Wayne Enterprises,P-PK-4500,748,2026-06-08,S-701121,standard,2455,49356.0
ORD-50070,CUST-011,Pearson Specialty Chemicals,P-EL-9102,228,2026-05-20,S-701763,premium,11002,1722.0
ORD-50071,CUST-014,Vandelay Industries,P-EL-9001,746,2026-05-23,S-702249,standard,3462,223.0
ORD-50072,CUST-011,Pearson Specialty Chemicals,P-SW-3001,331,2026-05-30,S-702731,economy,31,11379.0
ORD-50073,CUST-015,Sirius Cybernetics,P-CH-2210,689,2026-05-31,S-703565,standard,1143,6354.0
ORD-50074,CUST-001,Acme Industrial,P-EL-9001,149,2026-05-22,S-703568,standard,1182,2886.0
ORD-50075,CUST-008,Tyrell Corporation,P-EL-9003,628,2026-06-17,S-703210,standard,2546,943.0
ORD-50076,CUST-007,Cyberdyne Systems,P-SW-3002,191,2026-05-23,S-700862,standard,2699,689.0
ORD-50077,CUST-007,Cyberdyne Systems,P-EL-9003,412,2026-06-09,S-702620,standard,3037,6406.0
ORD-50078,CUST-012,Massive Dynamic,P-PW-1850,358,2026-06-20,S-703088,economy,325,15440.0
ORD-50079,CUST-009,Pied Piper Logistics,P-SW-3002,636,2026-05-25,S-703207,economy,71,2528.0
ORD-50080,CUST-007,Cyberdyne Systems,P-EL-9002,166,2026-06-05,S-701534,standard,1871,3165.0
ORD-50081,CUST-007,Cyberdyne Systems,P-EL-9101,738,2026-05-21,S-701443,premium,6884,22823.0
ORD-50082,CUST-015,Sirius Cybernetics,P-CH-2210,89,2026-05-30,S-702934,premium,9646,826.0
ORD-50083,CUST-009,Pied Piper Logistics,P-EL-9003,312,2026-05-24,S-701969,standard,567,164.0
ORD-50084,CUST-014,Vandelay Industries,P-CH-2230,414,2026-05-24,S-702074,economy,214,1519.0
ORD-50085,CUST-001,Acme Industrial,P-MC-7200,582,2026-05-26,S-702812,standard,2498,2964.0
ORD-50086,CUST-011,Pearson Specialty Chemicals,P-CH-2211,113,2026-05-27,S-701696,standard,1277,2391.0
ORD-50087,CUST-014,Vandelay Industries,P-PW-1802,681,2026-05-27,S-702897,premium,15607,217.0
ORD-50088,CUST-002,Globex Manufacturing,P-CH-2230,69,2026-05-22,S-703473,economy,259,1688.0
ORD-50089,CUST-008,Tyrell Corporation,P-EL-9002,97,2026-05-25,S-700863,standard,768,8204.0
ORD-50090,CUST-008,Tyrell Corporation,P-MC-7200,110,2026-06-05,S-700817,standard,2901,179.0
ORD-50091,CUST-005,Wayne Enterprises,P-EL-9001,574,2026-05-21,S-701363,standard,1445,1456.0
ORD-50092,CUST-002,Globex Manufacturing,P-MC-7101,480,2026-05-23,S-702251,standard,2418,6157.0
ORD-50093,CUST-012,Massive Dynamic,P-MC-7100,308,2026-05-31,S-700659,standard,2323,78.0
ORD-50094,CUST-011,Pearson Specialty Chemicals,P-SW-3001,707,2026-05-27,S-703317,premium,6391,1314.0
ORD-50095,CUST-002,Globex Manufacturing,P-MC-7200,70,2026-05-20,S-702285,standard,1365,9902.0
ORD-50096,CUST-008,Tyrell Corporation,P-EL-9002,442,2026-06-01,S-702877,standard,1461,541.0
ORD-50097,CUST-011,Pearson Specialty Chemicals,P-EL-9101,554,2026-05-23,S-703412,standard,1351,197.0
ORD-50098,CUST-004,Soylent Foods,P-PW-1801,272,2026-05-23,S-702631,standard,3034,1499.0
ORD-50099,CUST-005,Wayne Enterprises,P-CH-2210,336,2026-05-24,S-701305,standard,2754,25112.0
ORD-50100,CUST-009,Pied Piper Logistics,P-SN-5001,246,2026-05-22,S-701639,standard,3036,7830.0
ORD-50101,CUST-012,Massive Dynamic,P-EL-9001,40,2026-06-02,S-703298,standard,1032,62215.0
ORD-50102,CUST-002,Globex Manufacturing,P-CH-2211,434,2026-05-25,S-703584,premium,7204,10744.0
ORD-50103,CUST-007,Cyberdyne Systems,P-EL-9101,685,2026-06-01,S-702887,standard,1723,416.0
ORD-50104,CUST-012,Massive Dynamic,P-CH-2211,528,2026-05-21,S-702481,economy,102,7292.0
ORD-50105,CUST-005,Wayne Enterprises,P-PW-1801,339,2026-05-20,S-701365,economy,338,252.0
ORD-50106,CUST-011,Pearson Specialty Chemicals,P-CH-2211,503,2026-06-10,S-703533,standard,2450,12454.0
ORD-50107,CUST-002,Globex Manufacturing,P-CH-2211,578,2026-05-20,S-700988,standard,2658,2571.0
ORD-50108,CUST-003,Initech Holdings,P-CH-2210,730,2026-05-24,S-701573,premium,14666,6063.0
ORD-50109,CUST-005,Wayne Enterprises,P-EL-9003,446,2026-06-18,S-702117,standard,671,316.0
ORD-50110,CUST-015,Sirius Cybernetics,P-EL-9001,725,2026-05-28,S-702634,standard,3192,160.0
ORD-50111,CUST-001,Acme Industrial,P-MC-7100,496,2026-05-23,S-701819,standard,2902,489.0
ORD-50112,CUST-011,Pearson Specialty Chemicals,P-CH-2211,257,2026-05-27,S-701844,premium,6685,2590.0
ORD-50113,CUST-005,Wayne Enterprises,P-MC-7200,427,2026-06-07,S-702736,standard,646,8930.0
ORD-50114,CUST-010,Hooli Hardware,P-PW-1802,315,2026-05-22,S-701992,economy,289,217.0
ORD-50115,CUST-003,Initech Holdings,P-EL-9001,223,2026-05-21,S-703038,standard,2300,12224.0
ORD-50116,CUST-009,Pied Piper Logistics,P-PW-1802,613,2026-05-24,S-701264,premium,13073,57.0
ORD-50117,CUST-015,Sirius Cybernetics,P-PK-4500,576,2026-05-26,S-701022,standard,2857,109.0
ORD-50118,CUST-001,Acme Industrial,P-EL-9102,410,2026-05-26,S-703389,premium,12138,35550.0
ORD-50119,CUST-006,Stark Industries,P-EL-9001,316,2026-05-30,S-703524,standard,3347,3800.0
ORD-50120,CUST-008,Tyrell Corporation,P-PW-1802,35,2026-06-11,S-701130,economy,379,119091.0
ORD-50121,CUST-006,Stark Industries,P-CH-2230,745,2026-05-22,S-703437,premium,13125,1328.0
ORD-50122,CUST-002,Globex Manufacturing,P-EL-9003,522,2026-05-20,S-703212,standard,1734,13744.0
ORD-50123,CUST-008,Tyrell Corporation,P-SW-3002,656,2026-05-28,S-701608,premium,11205,103745.0
ORD-50124,CUST-004,Soylent Foods,P-SN-5001,338,2026-06-13,S-702743,economy,196,250000.0
ORD-50125,CUST-002,Globex Manufacturing,P-PK-4500,644,2026-05-27,S-702400,premium,4285,1119.0
ORD-50126,CUST-011,Pearson Specialty Chemicals,P-PW-1801,478,2026-06-21,S-702685,standard,3053,2258.0
ORD-50127,CUST-004,Soylent Foods,P-CH-2210,449,2026-05-23,S-701996,premium,8708,101.0
ORD-50128,CUST-010,Hooli Hardware,P-MC-7200,768,2026-06-09,S-700843,economy,244,3528.0
ORD-50129,CUST-014,Vandelay Industries,P-EL-9102,639,2026-05-31,S-703031,standard,1107,27924.0
ORD-50130,CUST-001,Acme Industrial,P-EL-9001,406,2026-06-16,S-702448,premium,3165,410.0
ORD-50131,CUST-003,Initech Holdings,P-MC-7102,781,2026-05-23,S-701746,standard,1309,1492.0
ORD-50132,CUST-002,Globex Manufacturing,P-CH-2230,65,2026-06-13,S-700743,standard,855,5216.0
ORD-50133,CUST-015,Sirius Cybernetics,P-PK-4500,284,2026-06-06,S-701504,premium,11463,2407.0
ORD-50134,CUST-013,Umbrella Group,P-CH-2211,189,2026-05-22,S-702814,standard,1846,36478.0
ORD-50135,CUST-005,Wayne Enterprises,P-CH-2211,147,2026-05-23,S-702158,standard,2930,1112.0
ORD-50136,CUST-013,Umbrella Group,P-CH-2210,288,2026-05-25,S-701314,premium,7297,8797.0
ORD-50137,CUST-013,Umbrella Group,P-MC-7200,497,2026-06-06,S-702045,premium,14819,4809.0
ORD-50138,CUST-002,Globex Manufacturing,P-EL-9001,748,2026-05-28,S-702025,standard,2504,6487.0
ORD-50139,CUST-010,Hooli Hardware,P-PK-4500,452,2026-06-12,S-702277,standard,3345,10116.0
ORD-50140,CUST-009,Pied Piper Logistics,P-MC-7101,186,2026-05-21,S-701577,premium,14607,40216.0
ORD-50141,CUST-008,Tyrell Corporation,P-MC-7101,640,2026-06-03,S-701670,standard,510,54.0
ORD-50142,CUST-012,Massive Dynamic,P-EL-9003,352,2026-06-26,S-700676,standard,1057,23150.0
ORD-50143,CUST-015,Sirius Cybernetics,P-EL-9003,415,2026-05-22,S-701379,standard,1413,3884.0
ORD-50144,CUST-009,Pied Piper Logistics,P-SW-3002,681,2026-06-04,S-703331,premium,4091,14311.0
ORD-50145,CUST-003,Initech Holdings,P-MC-7200,139,2026-06-03,S-702008,standard,1149,4758.0
ORD-50146,CUST-006,Stark Industries,P-EL-9001,416,2026-05-24,S-702134,standard,1637,7711.0
ORD-50147,CUST-001,Acme Industrial,P-PK-4501,665,2026-06-09,S-703138,economy,374,1919.0
ORD-50148,CUST-012,Massive Dynamic,P-SN-5001,690,2026-05-30,S-702839,standard,3198,525.0
ORD-50149,CUST-004,Soylent Foods,P-EL-9102,515,2026-06-03,S-701237,premium,5312,8752.0
ORD-50150,CUST-008,Tyrell Corporation,P-SN-5001,438,2026-05-26,S-701603,economy,328,12702.0
ORD-50151,CUST-003,Initech Holdings,P-MC-7102,156,2026-05-23,S-703235,standard,1415,8405.0
ORD-50152,CUST-002,Globex Manufacturing,P-SW-3002,548,2026-06-06,S-702673,standard,2182,19706.0
ORD-50153,CUST-004,Soylent Foods,P-SW-3001,63,2026-05-28,S-703349,standard,2449,23056.0
ORD-50154,CUST-002,Globex Manufacturing,P-EL-9003,429,2026-05-27,S-702601,standard,2063,5912.0
ORD-50155,CUST-006,Stark Industries,P-PW-1801,218,2026-05-23,S-702907,premium,4811,47005.0
ORD-50156,CUST-010,Hooli Hardware,P-CH-2210,318,2026-05-21,S-700867,standard,3402,3133.0
ORD-50157,CUST-010,Hooli Hardware,P-EL-9003,754,2026-05-26,S-703542,economy,95,504.0
ORD-50158,CUST-009,Pied Piper Logistics,P-EL-9002,252,2026-05-31,S-700733,premium,17972,45919.0
ORD-50159,CUST-008,Tyrell Corporation,P-MC-7102,355,2026-05-23,S-703356,economy,12,5497.0
ORD-50160,CUST-009,Pied Piper Logistics,P-CH-2230,442,2026-06-06,S-701463,standard,1272,33.0
ORD-50161,CUST-014,Vandelay Industries,P-SW-3002,355,2026-05-23,S-702423,economy,378,1265.0
ORD-50162,CUST-012,Massive Dynamic,P-MC-7100,217,2026-05-23,S-701657,standard,723,519.0
ORD-50163,CUST-008,Tyrell Corporation,P-EL-9001,647,2026-05-20,S-701990,standard,1752,8571.0
ORD-50164,CUST-005,Wayne Enterprises,P-CH-2230,239,2026-05-20,S-701119,standard,1815,11282.0
ORD-50165,CUST-002,Globex Manufacturing,P-MC-7102,60,2026-05-31,S-701890,standard,2163,1526.0
ORD-50166,CUST-014,Vandelay Industries,P-SW-3002,765,2026-05-23,S-702921,economy,6,17211.0
ORD-50167,CUST-002,Globex Manufacturing,P-EL-9102,375,2026-05-23,S-701989,standard,2525,12156.0
ORD-50168,CUST-001,Acme Industrial,P-MC-7101,691,2026-05-28,S-701679,economy,274,277.0
ORD-50169,CUST-015,Sirius Cybernetics,P-EL-9003,415,2026-06-04,S-700774,premium,4398,65072.0
ORD-50170,CUST-014,Vandelay Industries,P-EL-9102,72,2026-05-20,S-701845,economy,208,2251.0
ORD-50171,CUST-005,Wayne Enterprises,P-MC-7102,254,2026-05-20,S-702875,standard,2886,178.0
ORD-50172,CUST-005,Wayne Enterprises,P-MC-7100,500,2026-05-25,S-702825,premium,14084,1055.0
ORD-50173,CUST-014,Vandelay Industries,P-PW-1850,563,2026-06-12,S-702471,standard,1816,8774.0
ORD-50174,CUST-014,Vandelay Industries,P-MC-7101,240,2026-06-07,S-702259,standard,2652,7706.0
ORD-50175,CUST-005,Wayne Enterprises,P-MC-7101,57,2026-05-22,S-701699,standard,1641,205.0
ORD-50176,CUST-012,Massive Dynamic,P-EL-9003,248,2026-05-26,S-700836,standard,2037,6156.0
ORD-50177,CUST-005,Wayne Enterprises,P-PW-1801,553,2026-05-29,S-703058,standard,1012,4419.0
ORD-50178,CUST-009,Pied Piper Logistics,P-MC-7101,748,2026-05-25,S-702280,standard,869,150.0
ORD-50179,CUST-011,Pearson Specialty Chemicals,P-PW-1850,465,2026-06-12,S-702315,premium,9536,4250.0
ORD-50180,CUST-002,Globex Manufacturing,P-SW-3002,363,2026-05-24,S-701998,standard,3095,7809.0
ORD-50181,CUST-008,Tyrell Corporation,P-EL-9101,322,2026-05-22,S-702721,standard,2536,64553.0
ORD-50182,CUST-001,Acme Industrial,P-EL-9003,172,2026-05-22,S-703139,premium,10976,116288.0
ORD-50183,CUST-011,Pearson Specialty Chemicals,P-MC-7102,568,2026-06-15,S-703013,economy,265,1413.0
ORD-50184,CUST-014,Vandelay Industries,P-MC-7100,246,2026-06-20,S-703420,standard,1000,893.0
ORD-50185,CUST-001,Acme Industrial,P-SN-5001,225,2026-06-13,S-703136,standard,3066,5248.0
ORD-50186,CUST-015,Sirius Cybernetics,P-EL-9101,43,2026-06-14,S-702320,premium,13664,1092.0
ORD-50187,CUST-005,Wayne Enterprises,P-EL-9001,449,2026-06-13,S-701677,standard,2588,619.0
ORD-50188,CUST-015,Sirius Cybernetics,P-SW-3002,131,2026-05-21,S-700723,premium,12379,24613.0
ORD-50189,CUST-003,Initech Holdings,P-MC-7100,299,2026-05-20,S-702740,premium,16507,27638.0
ORD-50190,CUST-008,Tyrell Corporation,P-PW-1801,540,2026-06-08,S-702267,premium,17434,300.0
ORD-50191,CUST-001,Acme Industrial,P-EL-9003,444,2026-05-25,S-701554,standard,1653,1495.0
ORD-50192,CUST-013,Umbrella Group,P-PW-1801,460,2026-05-27,S-701109,standard,1338,39798.0
ORD-50193,CUST-014,Vandelay Industries,P-CH-2230,174,2026-06-01,S-701493,premium,12792,758.0
ORD-50194,CUST-006,Stark Industries,P-PW-1850,74,2026-05-23,S-700615,standard,1496,2137.0
ORD-50195,CUST-014,Vandelay Industries,P-EL-9101,671,2026-06-05,S-701228,premium,14225,2537.0
ORD-50196,CUST-003,Initech Holdings,P-EL-9101,800,2026-06-04,S-701602,premium,17286,41694.0
ORD-50197,CUST-004,Soylent Foods,P-SN-5001,540,2026-05-24,S-702732,premium,4464,477.0
ORD-50198,CUST-010,Hooli Hardware,P-SW-3002,735,2026-05-23,S-701519,economy,329,1903.0
ORD-50199,CUST-002,Globex Manufacturing,P-CH-2211,258,2026-05-27,S-701551,premium,12682,1069.0
ORD-50200,CUST-006,Stark Industries,P-SW-3001,752,2026-06-11,S-700697,economy,105,1631.0
ORD-50201,CUST-010,Hooli Hardware,P-EL-9101,506,2026-05-24,S-702679,premium,15131,2154.0
ORD-50202,CUST-003,Initech Holdings,P-MC-7200,70,2026-05-30,S-702174,standard,1700,50780.0
ORD-50203,CUST-003,Initech Holdings,P-SW-3001,327,2026-05-22,S-701037,standard,2549,442.0
ORD-50204,CUST-010,Hooli Hardware,P-EL-9001,163,2026-05-21,S-702605,standard,2295,859.0
ORD-50205,CUST-013,Umbrella Group,P-CH-2211,81,2026-05-21,S-702289,standard,853,608.0
ORD-50206,CUST-008,Tyrell Corporation,P-EL-9101,102,2026-06-18,S-701188,standard,805,31803.0
ORD-50207,CUST-015,Sirius Cybernetics,P-MC-7100,598,2026-06-09,S-701826,standard,2493,124.0
ORD-50208,CUST-004,Soylent Foods,P-CH-2211,235,2026-06-09,S-701198,standard,992,2769.0
ORD-50209,CUST-005,Wayne Enterprises,P-CH-2230,270,2026-06-03,S-700885,standard,1500,2361.0
ORD-50210,CUST-005,Wayne Enterprises,P-PK-4500,28,2026-05-31,S-701688,standard,2451,58.0
ORD-50211,CUST-005,Wayne Enterprises,P-PW-1802,486,2026-06-20,S-702349,premium,7902,7724.0
ORD-50212,CUST-001,Acme Industrial,P-EL-9003,683,2026-05-25,S-701096,premium,3562,3148.0
ORD-50213,CUST-002,Globex Manufacturing,P-CH-2210,134,2026-05-21,S-703112,economy,143,2892.0
ORD-50214,CUST-013,Umbrella Group,P-CH-2230,250,2026-06-14,S-702641,premium,17694,489.0
ORD-50215,CUST-002,Globex Manufacturing,P-PW-1801,458,2026-05-23,S-701961,standard,1282,5350.0
ORD-50216,CUST-013,Umbrella Group,P-EL-9102,52,2026-06-13,S-700780,standard,2437,1146.0
ORD-50217,CUST-004,Soylent Foods,P-PW-1802,733,2026-06-05,S-701160,premium,9275,12266.0
ORD-50218,CUST-005,Wayne Enterprises,P-PW-1850,430,2026-05-25,S-702520,standard,1257,64420.0
ORD-50219,CUST-012,Massive Dynamic,P-SN-5001,744,2026-06-02,S-701249,standard,2375,965.0
ORD-50220,CUST-011,Pearson Specialty Chemicals,P-PW-1850,199,2026-05-25,S-703087,economy,211,52688.0
ORD-50221,CUST-014,Vandelay Industries,P-EL-9002,386,2026-05-31,S-700687,standard,2641,9109.0
ORD-50222,CUST-012,Massive Dynamic,P-SW-3001,146,2026-06-12,S-701273,premium,10964,574.0
ORD-50223,CUST-015,Sirius Cybernetics,P-MC-7101,748,2026-05-21,S-701653,standard,1491,52501.0
ORD-50224,CUST-001,Acme Industrial,P-PK-4501,401,2026-05-22,S-701387,economy,351,11951.0
ORD-50225,CUST-013,Umbrella Group,P-SW-3002,766,2026-05-24,S-701774,standard,692,509.0
ORD-50226,CUST-004,Soylent Foods,P-MC-7102,791,2026-05-20,S-702973,premium,13499,1314.0
ORD-50227,CUST-013,Umbrella Group,P-EL-9003,543,2026-06-01,S-702228,economy,263,36561.0
ORD-50228,CUST-013,Umbrella Group,P-MC-7200,467,2026-05-22,S-702878,standard,810,26420.0
ORD-50229,CUST-007,Cyberdyne Systems,P-PW-1850,224,2026-05-24,S-701088,premium,9143,6244.0
ORD-50230,CUST-014,Vandelay Industries,P-SW-3002,366,2026-06-17,S-702560,standard,619,125.0
ORD-50231,CUST-006,Stark Industries,P-MC-7100,185,2026-05-23,S-702943,premium,7394,2144.0
ORD-50232,CUST-006,Stark Industries,P-EL-9102,661,2026-06-04,S-702923,standard,2050,6359.0
ORD-50233,CUST-013,Umbrella Group,P-CH-2211,619,2026-06-14,S-703501,standard,1438,7721.0
ORD-50234,CUST-010,Hooli Hardware,P-MC-7102,724,2026-05-20,S-702485,standard,1247,3791.0
ORD-50235,CUST-014,Vandelay Industries,P-MC-7200,761,2026-05-21,S-702530,premium,15813,5252.0
ORD-50236,CUST-001,Acme Industrial,P-MC-7200,304,2026-05-21,S-701533,standard,748,147.0
ORD-50237,CUST-011,Pearson Specialty Chemicals,P-EL-9102,454,2026-05-22,S-702004,standard,2520,1560.0
ORD-50238,CUST-002,Globex Manufacturing,P-PK-4500,796,2026-05-27,S-701349,standard,3484,412.0
ORD-50239,CUST-009,Pied Piper Logistics,P-CH-2210,430,2026-05-22,S-701916,standard,2872,3003.0
ORD-50240,CUST-012,Massive Dynamic,P-PK-4501,558,2026-06-06,S-702651,standard,879,8637.0
ORD-50241,CUST-011,Pearson Specialty Chemicals,P-EL-9102,645,2026-05-27,S-701082,economy,264,613.0
ORD-50242,CUST-001,Acme Industrial,P-PW-1802,683,2026-06-01,S-701072,economy,47,622.0
ORD-50243,CUST-004,Soylent Foods,P-EL-9102,47,2026-06-19,S-701388,standard,2230,3159.0
ORD-50244,CUST-009,Pied Piper Logistics,P-EL-9002,668,2026-05-20,S-701123,economy,113,6667.0
ORD-50245,CUST-006,Stark Industries,P-PW-1802,491,2026-05-23,S-701465,standard,2179,40274.0
ORD-50246,CUST-009,Pied Piper Logistics,P-EL-9102,249,2026-05-27,S-702554,standard,2550,2108.0
ORD-50247,CUST-013,Umbrella Group,P-CH-2211,455,2026-06-25,S-701855,premium,17428,537.0
ORD-50248,CUST-011,Pearson Specialty Chemicals,P-EL-9101,182,2026-05-24,S-700770,standard,618,242.0
ORD-50249,CUST-011,Pearson Specialty Chemicals,P-SW-3002,523,2026-06-12,S-701063,standard,1673,116.0
ORD-50250,CUST-012,Massive Dynamic,P-EL-9102,306,2026-05-20,S-702287,standard,3369,19592.0
ORD-50251,CUST-007,Cyberdyne Systems,P-MC-7200,319,2026-05-22,S-701422,premium,17999,2590.0
ORD-50252,CUST-011,Pearson Specialty Chemicals,P-PK-4501,138,2026-06-15,S-702628,economy,277,38696.0
ORD-50253,CUST-014,Vandelay Industries,P-MC-7200,215,2026-05-23,S-703198,standard,2368,1648.0
ORD-50254,CUST-013,Umbrella Group,P-CH-2211,258,2026-06-15,S-700985,standard,2255,12520.0
ORD-50255,CUST-005,Wayne Enterprises,P-PK-4500,634,2026-05-21,S-703385,standard,1758,3258.0
ORD-50256,CUST-004,Soylent Foods,P-PW-1850,249,2026-06-19,S-702317,standard,3337,118.0
ORD-50257,CUST-007,Cyberdyne Systems,P-MC-7101,520,2026-05-20,S-701715,premium,13419,3788.0
ORD-50258,CUST-010,Hooli Hardware,P-MC-7101,689,2026-05-21,S-702146,economy,238,1087.0
ORD-50259,CUST-004,Soylent Foods,P-SW-3002,417,2026-05-22,S-700957,economy,351,10286.0
ORD-50260,CUST-007,Cyberdyne Systems,P-MC-7100,502,2026-05-23,S-701979,economy,353,578.0
ORD-50261,CUST-005,Wayne Enterprises,P-PK-4500,635,2026-05-22,S-701436,standard,1497,754.0
ORD-50262,CUST-004,Soylent Foods,P-EL-9001,493,2026-06-03,S-703186,standard,2630,1056.0
ORD-50263,CUST-008,Tyrell Corporation,P-EL-9101,22,2026-05-21,S-703140,premium,12136,5270.0
ORD-50264,CUST-001,Acme Industrial,P-EL-9102,60,2026-05-20,S-703187,premium,6980,66.0
ORD-50265,CUST-009,Pied Piper Logistics,P-PK-4500,105,2026-05-23,S-702505,premium,15471,1721.0
ORD-50266,CUST-013,Umbrella Group,P-SW-3002,189,2026-06-11,S-703536,standard,1286,300.0
ORD-50267,CUST-001,Acme Industrial,P-PK-4500,389,2026-05-21,S-703252,standard,1455,250000.0
ORD-50268,CUST-015,Sirius Cybernetics,P-EL-9003,351,2026-05-28,S-701607,premium,6462,398.0
ORD-50269,CUST-005,Wayne Enterprises,P-CH-2210,334,2026-06-01,S-703283,standard,2001,5993.0
ORD-50270,CUST-010,Hooli Hardware,P-EL-9002,191,2026-05-28,S-700868,premium,14530,8999.0
ORD-50271,CUST-007,Cyberdyne Systems,P-PW-1802,317,2026-06-17,S-703046,economy,62,32062.0
ORD-50272,CUST-003,Initech Holdings,P-MC-7102,505,2026-06-04,S-700807,premium,8669,964.0
ORD-50273,CUST-007,Cyberdyne Systems,P-MC-7200,344,2026-06-03,S-700966,premium,4146,5929.0
ORD-50274,CUST-005,Wayne Enterprises,P-EL-9101,692,2026-05-24,S-702715,standard,2844,2615.0
ORD-50275,CUST-011,Pearson Specialty Chemicals,P-PW-1850,232,2026-05-28,S-701450,standard,3473,257.0
ORD-50276,CUST-006,Stark Industries,P-CH-2230,627,2026-06-16,S-701375,premium,13535,1193.0
ORD-50277,CUST-007,Cyberdyne Systems,P-EL-9102,37,2026-05-22,S-701242,standard,1640,35794.0
ORD-50278,CUST-003,Initech Holdings,P-CH-2230,214,2026-06-03,S-702037,economy,197,25825.0
ORD-50279,CUST-007,Cyberdyne Systems,P-SN-5001,390,2026-06-07,S-700926,standard,2904,91037.0
ORD-50280,CUST-012,Massive Dynamic,P-EL-9102,447,2026-06-16,S-701745,premium,14606,3390.0
ORD-50281,CUST-014,Vandelay Industries,P-PW-1801,325,2026-05-30,S-701786,economy,329,83.0
ORD-50282,CUST-006,Stark Industries,P-PW-1802,180,2026-05-31,S-701656,standard,1339,10309.0
ORD-50283,CUST-013,Umbrella Group,P-MC-7101,320,2026-06-01,S-703191,standard,3067,522.0
ORD-50284,CUST-009,Pied Piper Logistics,P-MC-7100,127,2026-05-21,S-701231,economy,287,3412.0
ORD-50285,CUST-012,Massive Dynamic,P-MC-7100,662,2026-05-23,S-703268,standard,3026,4354.0
ORD-50286,CUST-010,Hooli Hardware,P-PK-4500,667,2026-06-21,S-702453,standard,1643,2457.0
ORD-50287,CUST-012,Massive Dynamic,P-MC-7102,230,2026-05-22,S-703423,standard,2625,11645.0
ORD-50288,CUST-013,Umbrella Group,P-EL-9002,429,2026-05-20,S-701151,premium,4695,723.0
ORD-50289,CUST-008,Tyrell Corporation,P-PW-1802,539,2026-05-22,S-702537,standard,3118,72.0
ORD-50290,CUST-008,Tyrell Corporation,P-CH-2211,665,2026-05-26,S-701067,standard,2313,22872.0
ORD-50291,CUST-010,Hooli Hardware,P-MC-7101,28,2026-05-26,S-700742,economy,97,7998.0
ORD-50292,CUST-006,Stark Industries,P-PK-4500,300,2026-06-07,S-703345,standard,2199,889.0
ORD-50293,CUST-002,Globex Manufacturing,P-EL-9003,498,2026-05-24,S-700820,premium,3956,12692.0
ORD-50294,CUST-011,Pearson Specialty Chemicals,P-SN-5001,97,2026-05-25,S-701796,standard,1717,183663.0
ORD-50295,CUST-010,Hooli Hardware,P-CH-2211,419,2026-06-08,S-701753,economy,287,3672.0
ORD-50296,CUST-009,Pied Piper Logistics,P-MC-7102,336,2026-05-21,S-703566,standard,1042,19949.0
ORD-50297,CUST-014,Vandelay Industries,P-MC-7200,685,2026-05-21,S-701464,economy,382,7711.0
ORD-50298,CUST-014,Vandelay Industries,P-CH-2211,235,2026-06-26,S-702443,standard,1137,4497.0
ORD-50299,CUST-011,Pearson Specialty Chemicals,P-PK-4500,150,2026-05-20,S-703222,standard,1084,13711.0
ORD-50300,CUST-010,Hooli Hardware,P-EL-9002,766,2026-05-25,S-703383,standard,894,204.0
ORD-50301,CUST-002,Globex Manufacturing,P-PK-4500,113,2026-05-29,S-700937,standard,1659,8098.0
ORD-50302,CUST-011,Pearson Specialty Chemicals,P-CH-2211,178,2026-05-21,S-700602,economy,67,12971.0
ORD-50303,CUST-002,Globex Manufacturing,P-SW-3002,634,2026-05-26,S-701875,premium,10333,2541.0
ORD-50304,CUST-004,Soylent Foods,P-PW-1802,330,2026-06-14,S-703072,premium,14425,633.0
ORD-50305,CUST-013,Umbrella Group,P-PW-1801,252,2026-05-28,S-701171,premium,5245,196.0
ORD-50306,CUST-014,Vandelay Industries,P-PK-4501,448,2026-05-29,S-701978,standard,1640,958.0
ORD-50307,CUST-014,Vandelay Industries,P-CH-2230,400,2026-05-27,S-703357,standard,1718,14747.0
ORD-50308,CUST-010,Hooli Hardware,P-EL-9003,285,2026-06-07,S-702781,standard,1023,1495.0
ORD-50309,CUST-007,Cyberdyne Systems,P-PW-1850,797,2026-06-17,S-702376,standard,3247,130.0
ORD-50310,CUST-012,Massive Dynamic,P-EL-9102,145,2026-05-22,S-702475,standard,2363,7192.0
ORD-50311,CUST-008,Tyrell Corporation,P-MC-7100,52,2026-05-21,S-703027,premium,14112,616.0
ORD-50312,CUST-001,Acme Industrial,P-MC-7101,116,2026-06-19,S-701857,standard,3026,2277.0
ORD-50313,CUST-008,Tyrell Corporation,P-PW-1801,76,2026-05-31,S-701393,standard,2619,44724.0
ORD-50314,CUST-006,Stark Industries,P-SW-3001,597,2026-05-24,S-701590,standard,2487,17789.0
ORD-50315,CUST-015,Sirius Cybernetics,P-MC-7102,555,2026-05-24,S-703055,standard,2708,6483.0
ORD-50316,CUST-015,Sirius Cybernetics,P-MC-7200,295,2026-05-21,S-702127,standard,3406,1749.0
ORD-50317,CUST-008,Tyrell Corporation,P-EL-9002,664,2026-06-01,S-701040,standard,1085,62278.0
ORD-50318,CUST-007,Cyberdyne Systems,P-CH-2211,164,2026-06-29,S-702550,premium,10797,10976.0
ORD-50319,CUST-012,Massive Dynamic,P-MC-7101,743,2026-05-29,S-702517,premium,7341,2473.0
ORD-50320,CUST-002,Globex Manufacturing,P-SW-3001,271,2026-05-21,S-701195,standard,1472,1669.0
ORD-50321,CUST-007,Cyberdyne Systems,P-EL-9002,47,2026-05-24,S-702795,economy,272,523.0
ORD-50322,CUST-011,Pearson Specialty Chemicals,P-PK-4501,392,2026-05-20,S-702093,standard,3390,2554.0
ORD-50323,CUST-012,Massive Dynamic,P-PW-1801,496,2026-05-26,S-703457,standard,3287,37905.0
ORD-50324,CUST-003,Initech Holdings,P-PK-4501,725,2026-06-06,S-703260,standard,1967,13059.0
ORD-50325,CUST-003,Initech Holdings,P-SW-3002,568,2026-06-17,S-701258,standard,588,74.0
ORD-50326,CUST-002,Globex Manufacturing,P-MC-7101,46,2026-05-24,S-702720,standard,1084,19339.0
ORD-50327,CUST-006,Stark Industries,P-EL-9003,781,2026-05-21,S-703364,standard,856,9911.0
ORD-50328,CUST-012,Massive Dynamic,P-PW-1850,622,2026-06-18,S-702689,standard,1986,17527.0
ORD-50329,CUST-010,Hooli Hardware,P-PK-4500,336,2026-06-05,S-701093,premium,9208,174.0
ORD-50330,CUST-002,Globex Manufacturing,P-CH-2230,440,2026-05-22,S-702718,premium,12020,413.0
ORD-50331,CUST-004,Soylent Foods,P-CH-2230,319,2026-05-24,S-701341,standard,1402,507.0
ORD-50332,CUST-011,Pearson Specialty Chemicals,P-MC-7100,732,2026-05-24,S-701462,economy,44,835.0
ORD-50333,CUST-008,Tyrell Corporation,P-EL-9102,689,2026-05-25,S-700821,standard,2176,5071.0
ORD-50334,CUST-013,Umbrella Group,P-SW-3002,728,2026-05-23,S-702237,economy,220,12206.0
ORD-50335,CUST-005,Wayne Enterprises,P-CH-2230,549,2026-06-02,S-701144,standard,1533,7533.0
ORD-50336,CUST-004,Soylent Foods,P-EL-9001,144,2026-06-04,S-702389,premium,14261,6660.0
ORD-50337,CUST-010,Hooli Hardware,P-EL-9002,95,2026-05-22,S-701660,premium,5744,322.0
ORD-50338,CUST-015,Sirius Cybernetics,P-PW-1850,567,2026-05-23,S-702974,premium,9332,77.0
ORD-50339,CUST-011,Pearson Specialty Chemicals,P-EL-9003,290,2026-05-28,S-701508,standard,3470,5457.0
ORD-50340,CUST-003,Initech Holdings,P-EL-9003,335,2026-06-02,S-703526,standard,1378,149985.0
ORD-50341,CUST-013,Umbrella Group,P-PK-4501,674,2026-05-23,S-702933,standard,1674,2316.0
ORD-50342,CUST-004,Soylent Foods,P-CH-2210,614,2026-06-02,S-702150,premium,15351,44832.0
ORD-50343,CUST-008,Tyrell Corporation,P-CH-2210,410,2026-05-24,S-702427,standard,2091,902.0
ORD-50344,CUST-015,Sirius Cybernetics,P-EL-9003,752,2026-05-29,S-701385,standard,2893,152366.0
ORD-50345,CUST-007,Cyberdyne Systems,P-EL-9102,386,2026-05-27,S-703351,standard,2689,153.0
ORD-50346,CUST-004,Soylent Foods,P-MC-7100,245,2026-05-20,S-701821,standard,1833,3751.0
ORD-50347,CUST-011,Pearson Specialty Chemicals,P-CH-2230,416,2026-06-23,S-701383,standard,895,1253.0
ORD-50348,CUST-005,Wayne Enterprises,P-CH-2211,115,2026-06-04,S-702612,premium,3827,1470.0
ORD-50349,CUST-011,Pearson Specialty Chemicals,P-CH-2211,239,2026-06-04,S-703047,economy,216,403.0
ORD-50350,CUST-006,Stark Industries,P-PW-1802,258,2026-05-24,S-702954,premium,14091,1809.0
ORD-50351,CUST-008,Tyrell Corporation,P-MC-7101,600,2026-05-23,S-702684,standard,581,45553.0
ORD-50352,CUST-006,Stark Industries,P-EL-9102,565,2026-05-21,S-702350,premium,14428,7697.0
ORD-50353,CUST-007,Cyberdyne Systems,P-MC-7100,352,2026-06-21,S-703577,economy,271,14.0
ORD-50354,CUST-008,Tyrell Corporation,P-PW-1802,125,2026-06-17,S-700767,premium,13971,8252.0
ORD-50355,CUST-010,Hooli Hardware,P-SW-3001,443,2026-05-21,S-700894,standard,3353,2097.0
ORD-50356,CUST-008,Tyrell Corporation,P-EL-9101,485,2026-06-15,S-701981,standard,2690,149.0
ORD-50357,CUST-004,Soylent Foods,P-MC-7100,107,2026-05-31,S-702206,economy,325,360.0
ORD-50358,CUST-003,Initech Holdings,P-MC-7101,354,2026-06-21,S-701472,economy,361,63.0
ORD-50359,CUST-003,Initech Holdings,P-MC-7101,148,2026-05-22,S-701645,standard,2485,14583.0
ORD-50360,CUST-002,Globex Manufacturing,P-CH-2210,648,2026-06-05,S-701005,standard,1721,3035.0
ORD-50361,CUST-010,Hooli Hardware,P-SN-5001,632,2026-05-28,S-701015,standard,2408,2041.0
ORD-50362,CUST-004,Soylent Foods,P-MC-7200,621,2026-05-29,S-703428,standard,3310,172.0
ORD-50363,CUST-010,Hooli Hardware,P-MC-7101,129,2026-05-21,S-701466,standard,2385,67794.0
ORD-50364,CUST-010,Hooli Hardware,P-PW-1801,506,2026-05-21,S-702862,standard,1816,3193.0
ORD-50365,CUST-015,Sirius Cybernetics,P-EL-9102,34,2026-05-20,S-700738,standard,1639,515.0
ORD-50366,CUST-003,Initech Holdings,P-EL-9003,628,2026-05-24,S-701627,standard,2665,423.0
ORD-50367,CUST-006,Stark Industries,P-CH-2230,742,2026-05-31,S-702372,standard,2376,1078.0
ORD-50368,CUST-012,Massive Dynamic,P-SW-3002,687,2026-06-09,S-701738,standard,1206,1351.0
ORD-50369,CUST-003,Initech Holdings,P-SW-3001,317,2026-06-08,S-702099,standard,2804,594.0
ORD-50370,CUST-003,Initech Holdings,P-CH-2211,660,2026-05-22,S-701098,premium,13116,1625.0
ORD-50371,CUST-015,Sirius Cybernetics,P-CH-2211,38,2026-06-03,S-701456,standard,2411,7862.0
ORD-50372,CUST-014,Vandelay Industries,P-PK-4500,125,2026-05-29,S-701192,standard,2416,6978.0
ORD-50373,CUST-002,Globex Manufacturing,P-PW-1802,157,2026-05-23,S-701560,premium,14672,2524.0
ORD-50374,CUST-008,Tyrell Corporation,P-EL-9102,48,2026-06-01,S-701564,premium,3328,18385.0
ORD-50375,CUST-005,Wayne Enterprises,P-CH-2211,744,2026-05-20,S-701555,standard,2167,692.0
ORD-50376,CUST-014,Vandelay Industries,P-MC-7101,422,2026-05-21,S-701568,standard,1343,111.0
ORD-50377,CUST-015,Sirius Cybernetics,P-MC-7102,369,2026-05-30,S-701859,standard,2805,2352.0
ORD-50378,CUST-010,Hooli Hardware,P-EL-9003,513,2026-05-20,S-701021,standard,2743,9913.0
ORD-50379,CUST-009,Pied Piper Logistics,P-SW-3001,289,2026-06-11,S-702129,economy,10,9652.0
ORD-50380,CUST-001,Acme Industrial,P-EL-9102,38,2026-05-30,S-701669,premium,8533,14207.0
ORD-50381,CUST-005,Wayne Enterprises,P-PK-4501,594,2026-05-28,S-703131,standard,1055,389.0
ORD-50382,CUST-001,Acme Industrial,P-MC-7102,327,2026-05-31,S-702848,premium,17943,5316.0
ORD-50383,CUST-011,Pearson Specialty Chemicals,P-EL-9001,509,2026-06-15,S-701281,standard,1013,13062.0
ORD-50384,CUST-008,Tyrell Corporation,P-CH-2211,580,2026-05-24,S-702086,standard,2130,380.0
ORD-50385,CUST-009,Pied Piper Logistics,P-EL-9002,487,2026-05-21,S-703300,standard,3125,2566.0
ORD-50386,CUST-006,Stark Industries,P-EL-9002,95,2026-05-24,S-702233,standard,2686,35119.0
ORD-50387,CUST-012,Massive Dynamic,P-EL-9101,179,2026-05-28,S-701663,standard,3316,3442.0
ORD-50388,CUST-004,Soylent Foods,P-MC-7102,710,2026-05-28,S-701628,standard,2767,4231.0
ORD-50389,CUST-013,Umbrella Group,P-PW-1801,769,2026-05-23,S-700633,standard,1046,12800.0
ORD-50390,CUST-004,Soylent Foods,P-SW-3002,659,2026-05-26,S-701372,standard,811,10834.0
ORD-50391,CUST-010,Hooli Hardware,P-PK-4500,142,2026-05-22,S-702232,standard,889,657.0
ORD-50392,CUST-001,Acme Industrial,P-EL-9002,797,2026-06-10,S-703482,premium,9981,4691.0
ORD-50393,CUST-012,Massive Dynamic,P-EL-9101,171,2026-05-24,S-701111,standard,661,5333.0
ORD-50394,CUST-005,Wayne Enterprises,P-EL-9101,456,2026-05-25,S-701833,economy,105,312.0
ORD-50395,CUST-006,Stark Industries,P-MC-7200,666,2026-05-21,S-701106,standard,668,127.0
ORD-50396,CUST-007,Cyberdyne Systems,P-PK-4501,645,2026-06-08,S-702151,standard,1195,397.0
ORD-50397,CUST-015,Sirius Cybernetics,P-SN-5001,342,2026-06-14,S-702983,premium,5487,1101.0
ORD-50398,CUST-010,Hooli Hardware,P-EL-9002,204,2026-05-21,S-701861,standard,1164,148.0
ORD-50399,CUST-009,Pied Piper Logistics,P-EL-9102,618,2026-06-10,S-703049,standard,2321,31000.0
ORD-50400,CUST-003,Initech Holdings,P-SW-3001,658,2026-05-23,S-702055,standard,3237,16760.0
ORD-50401,CUST-013,Umbrella Group,P-EL-9102,796,2026-06-03,S-701039,standard,1869,206.0
ORD-50402,CUST-001,Acme Industrial,P-MC-7100,349,2026-05-20,S-700995,economy,308,13944.0
ORD-50403,CUST-015,Sirius Cybernetics,P-CH-2211,215,2026-05-24,S-701373,standard,1515,11110.0
ORD-50404,CUST-014,Vandelay Industries,P-PK-4500,148,2026-05-30,S-702686,standard,1409,171.0
ORD-50405,CUST-009,Pied Piper Logistics,P-PW-1801,789,2026-06-03,S-702937,standard,3350,258.0
ORD-50406,CUST-005,Wayne Enterprises,P-EL-9003,269,2026-05-27,S-701887,standard,1858,3546.0
ORD-50407,CUST-008,Tyrell Corporation,P-MC-7100,526,2026-05-25,S-703453,premium,11987,952.0
ORD-50408,CUST-015,Sirius Cybernetics,P-PW-1850,269,2026-05-26,S-702842,premium,3866,3228.0
ORD-50409,CUST-001,Acme Industrial,P-EL-9101,126,2026-05-21,S-702914,premium,17185,105.0
ORD-50410,CUST-003,Initech Holdings,P-PW-1850,67,2026-06-03,S-701889,standard,3162,82.0
ORD-50411,CUST-012,Massive Dynamic,P-PW-1802,616,2026-06-02,S-700705,premium,16239,131.0
ORD-50412,CUST-014,Vandelay Industries,P-PK-4500,324,2026-05-25,S-701244,economy,29,28682.0
ORD-50413,CUST-012,Massive Dynamic,P-PW-1801,362,2026-05-20,S-703489,premium,12785,12543.0
ORD-50414,CUST-003,Initech Holdings,P-EL-9001,363,2026-05-23,S-702341,premium,17516,4183.0
ORD-50415,CUST-002,Globex Manufacturing,P-EL-9003,75,2026-06-02,S-700679,standard,2851,538.0
ORD-50416,CUST-008,Tyrell Corporation,P-PK-4500,402,2026-05-30,S-701597,standard,2664,1933.0
ORD-50417,CUST-012,Massive Dynamic,P-SW-3002,135,2026-06-13,S-701027,standard,2967,2622.0
ORD-50418,CUST-007,Cyberdyne Systems,P-EL-9001,614,2026-05-24,S-702982,economy,230,1946.0
ORD-50419,CUST-012,Massive Dynamic,P-MC-7100,569,2026-06-02,S-701538,economy,393,3844.0
ORD-50420,CUST-011,Pearson Specialty Chemicals,P-EL-9101,518,2026-05-25,S-702410,standard,1709,2594.0
ORD-50421,CUST-009,Pied Piper Logistics,P-PW-1850,473,2026-05-22,S-700931,standard,3254,3983.0
ORD-50422,CUST-009,Pied Piper Logistics,P-PW-1802,670,2026-06-16,S-703467,standard,1640,5254.0
ORD-50423,CUST-005,Wayne Enterprises,P-EL-9102,177,2026-05-21,S-703063,premium,10676,19967.0
ORD-50424,CUST-003,Initech Holdings,P-MC-7100,368,2026-05-21,S-701569,premium,4871,7337.0
ORD-50425,CUST-008,Tyrell Corporation,P-CH-2210,276,2026-05-24,S-703350,standard,753,1190.0
ORD-50426,CUST-014,Vandelay Industries,P-MC-7102,793,2026-05-24,S-702167,standard,2778,238.0
ORD-50427,CUST-008,Tyrell Corporation,P-EL-9001,798,2026-05-20,S-702070,standard,1245,28380.0
ORD-50428,CUST-012,Massive Dynamic,P-EL-9102,774,2026-06-12,S-702340,standard,2052,166.0
ORD-50429,CUST-013,Umbrella Group,P-CH-2230,574,2026-05-26,S-703226,standard,1117,685.0
ORD-50430,CUST-012,Massive Dynamic,P-CH-2211,249,2026-05-28,S-702763,standard,1613,34672.0
ORD-50431,CUST-005,Wayne Enterprises,P-SN-5001,168,2026-06-03,S-701287,standard,2100,3660.0
ORD-50432,CUST-014,Vandelay Industries,P-PW-1850,199,2026-06-14,S-703069,economy,8,6351.0
ORD-50433,CUST-001,Acme Industrial,P-EL-9001,225,2026-06-17,S-703582,economy,90,4173.0
ORD-50434,CUST-013,Umbrella Group,P-PW-1850,135,2026-05-23,S-702193,premium,16230,3235.0
ORD-50435,CUST-004,Soylent Foods,P-PW-1850,782,2026-05-24,S-701988,economy,348,3774.0
ORD-50436,CUST-005,Wayne Enterprises,P-PK-4500,617,2026-06-03,S-702050,economy,239,2360.0
ORD-50437,CUST-014,Vandelay Industries,P-MC-7102,654,2026-06-10,S-702329,premium,9318,3395.0
ORD-50438,CUST-010,Hooli Hardware,P-MC-7101,53,2026-05-22,S-702465,standard,1469,546.0
ORD-50439,CUST-003,Initech Holdings,P-EL-9101,78,2026-05-28,S-701115,economy,340,9373.0
ORD-50440,CUST-004,Soylent Foods,P-EL-9002,430,2026-05-22,S-702690,premium,4717,1157.0
ORD-50441,CUST-004,Soylent Foods,P-SW-3001,617,2026-05-30,S-702047,premium,3964,6851.0
ORD-50442,CUST-004,Soylent Foods,P-CH-2210,690,2026-06-09,S-700603,economy,254,2577.0
ORD-50443,CUST-001,Acme Industrial,P-PK-4500,398,2026-06-11,S-703160,standard,1163,5604.0
ORD-50444,CUST-002,Globex Manufacturing,P-EL-9003,435,2026-05-23,S-701604,economy,23,249.0
ORD-50445,CUST-014,Vandelay Industries,P-EL-9102,33,2026-06-01,S-700744,economy,72,5738.0
ORD-50446,CUST-001,Acme Industrial,P-CH-2211,225,2026-06-01,S-702451,standard,1464,7715.0
ORD-50447,CUST-001,Acme Industrial,P-PW-1802,663,2026-06-04,S-701734,premium,10679,5210.0
ORD-50448,CUST-005,Wayne Enterprises,P-EL-9101,702,2026-05-30,S-702546,standard,2966,28318.0
ORD-50449,CUST-010,Hooli Hardware,P-MC-7102,65,2026-06-13,S-702155,standard,1740,2535.0
ORD-50450,CUST-002,Globex Manufacturing,P-EL-9101,373,2026-05-25,S-702611,premium,17255,4112.0
ORD-50451,CUST-014,Vandelay Industries,P-SW-3002,717,2026-05-24,S-702192,premium,9554,608.0
ORD-50452,CUST-003,Initech Holdings,P-EL-9102,199,2026-06-07,S-701224,premium,10440,4534.0
ORD-50453,CUST-004,Soylent Foods,P-EL-9002,528,2026-06-07,S-700752,standard,2192,11684.0
ORD-50454,CUST-012,Massive Dynamic,P-CH-2211,409,2026-05-23,S-703488,premium,8799,4034.0
ORD-50455,CUST-011,Pearson Specialty Chemicals,P-CH-2210,758,2026-06-03,S-702948,standard,2118,5844.0
ORD-50456,CUST-001,Acme Industrial,P-PK-4501,186,2026-06-05,S-702950,premium,3186,26974.0
ORD-50457,CUST-015,Sirius Cybernetics,P-SN-5001,351,2026-06-15,S-702165,premium,10628,2750.0
ORD-50458,CUST-002,Globex Manufacturing,P-MC-7101,760,2026-06-02,S-702170,standard,1663,5117.0
ORD-50459,CUST-005,Wayne Enterprises,P-EL-9101,361,2026-05-27,S-702069,premium,13267,5062.0
ORD-50460,CUST-001,Acme Industrial,P-EL-9102,681,2026-05-24,S-701430,premium,5515,2158.0
ORD-50461,CUST-010,Hooli Hardware,P-PK-4501,300,2026-05-30,S-701704,standard,1648,912.0
ORD-50462,CUST-008,Tyrell Corporation,P-PW-1802,335,2026-05-21,S-701348,standard,1108,1686.0
ORD-50463,CUST-004,Soylent Foods,P-PW-1802,471,2026-06-02,S-701044,standard,1655,1213.0
ORD-50464,CUST-012,Massive Dynamic,P-MC-7200,129,2026-05-20,S-703438,premium,11942,169.0
ORD-50465,CUST-004,Soylent Foods,P-EL-9102,732,2026-05-28,S-700763,standard,1616,563.0
ORD-50466,CUST-015,Sirius Cybernetics,P-PK-4501,407,2026-05-21,S-701155,premium,12289,10134.0
ORD-50467,CUST-005,Wayne Enterprises,P-EL-9102,707,2026-05-23,S-702565,premium,10063,24738.0
ORD-50468,CUST-008,Tyrell Corporation,P-MC-7102,247,2026-05-23,S-703321,standard,1247,5471.0
ORD-50469,CUST-008,Tyrell Corporation,P-PW-1850,591,2026-06-10,S-702515,standard,3444,4346.0
ORD-50470,CUST-003,Initech Holdings,P-PW-1801,194,2026-06-12,S-703190,premium,12234,4940.0
ORD-50471,CUST-013,Umbrella Group,P-PW-1802,737,2026-05-20,S-702422,standard,2231,2093.0
ORD-50472,CUST-011,Pearson Specialty Chemicals,P-MC-7101,547,2026-05-22,S-703232,economy,382,250000.0
ORD-50473,CUST-002,Globex Manufacturing,P-PK-4501,31,2026-06-19,S-702271,standard,3376,35215.0
ORD-50474,CUST-011,Pearson Specialty Chemicals,P-MC-7102,459,2026-05-31,S-701454,standard,1268,7732.0
ORD-50475,CUST-003,Initech Holdings,P-CH-2211,357,2026-05-23,S-702500,standard,1464,3667.0
ORD-50476,CUST-008,Tyrell Corporation,P-MC-7100,218,2026-05-31,S-700844,standard,3475,1743.0
ORD-50477,CUST-012,Massive Dynamic,P-PW-1801,183,2026-05-20,S-700776,premium,15288,3282.0
ORD-50478,CUST-007,Cyberdyne Systems,P-EL-9003,82,2026-05-20,S-702148,premium,14787,324.0
ORD-50479,CUST-001,Acme Industrial,P-MC-7101,763,2026-05-24,S-701435,standard,2809,689.0
ORD-50480,CUST-014,Vandelay Industries,P-CH-2211,487,2026-05-21,S-700787,premium,8245,14330.0
ORD-50481,CUST-004,Soylent Foods,P-MC-7200,87,2026-06-08,S-701612,economy,89,4301.0
ORD-50482,CUST-011,Pearson Specialty Chemicals,P-MC-7102,621,2026-05-27,S-701631,standard,907,33726.0
ORD-50483,CUST-013,Umbrella Group,P-SW-3002,465,2026-05-22,S-703164,economy,361,6846.0
ORD-50484,CUST-014,Vandelay Industries,P-SW-3002,398,2026-05-26,S-701378,standard,3418,1174.0
ORD-50485,CUST-014,Vandelay Industries,P-MC-7200,516,2026-06-16,S-702326,standard,3228,122.0
ORD-50486,CUST-007,Cyberdyne Systems,P-MC-7100,190,2026-05-20,S-701985,standard,2800,343.0
ORD-50487,CUST-006,Stark Industries,P-MC-7101,730,2026-05-29,S-702013,standard,2411,329.0
ORD-50488,CUST-013,Umbrella Group,P-CH-2210,186,2026-06-05,S-702837,standard,1343,2997.0
ORD-50489,CUST-002,Globex Manufacturing,P-MC-7102,449,2026-05-27,S-703158,premium,8709,28.0
ORD-50490,CUST-013,Umbrella Group,P-SN-5001,97,2026-05-26,S-702693,standard,2834,6002.0
ORD-50491,CUST-001,Acme Industrial,P-PK-4501,414,2026-05-22,S-700837,premium,13222,2097.0
ORD-50492,CUST-007,Cyberdyne Systems,P-PK-4500,288,2026-06-01,S-702433,standard,3414,14334.0
ORD-50493,CUST-002,Globex Manufacturing,P-MC-7100,635,2026-05-20,S-703089,standard,1479,95929.0
ORD-50494,CUST-012,Massive Dynamic,P-MC-7200,510,2026-05-31,S-702391,premium,3730,6734.0
ORD-50495,CUST-013,Umbrella Group,P-SW-3002,21,2026-05-22,S-702006,standard,3342,1206.0
ORD-50496,CUST-001,Acme Industrial,P-PK-4500,786,2026-05-23,S-703530,premium,6890,19180.0
ORD-50497,CUST-013,Umbrella Group,P-EL-9002,500,2026-05-28,S-700641,economy,341,10392.0
ORD-50498,CUST-004,Soylent Foods,P-PK-4501,568,2026-06-12,S-702367,standard,1202,4920.0
ORD-50499,CUST-009,Pied Piper Logistics,P-SW-3002,567,2026-05-20,S-701516,standard,2008,330.0
ORD-50500,CUST-012,Massive Dynamic,P-EL-9101,338,2026-06-04,S-701600,standard,1255,16688.0
ORD-50501,CUST-005,Wayne Enterprises,P-CH-2210,548,2026-05-27,S-701995,standard,725,613.0
ORD-50502,CUST-005,Wayne Enterprises,P-EL-9003,421,2026-05-24,S-701732,premium,13700,8736.0
ORD-50503,CUST-013,Umbrella Group,P-PW-1850,158,2026-06-07,S-701666,premium,17251,3863.0
ORD-50504,CUST-003,Initech Holdings,P-EL-9001,108,2026-05-30,S-703573,standard,1029,1751.0
ORD-50505,CUST-003,Initech Holdings,P-MC-7100,141,2026-05-25,S-702699,economy,252,38575.0
ORD-50506,CUST-007,Cyberdyne Systems,P-EL-9001,578,2026-05-22,S-702637,standard,1278,3642.0
ORD-50507,CUST-001,Acme Industrial,P-EL-9002,516,2026-05-27,S-702831,standard,2058,601.0
ORD-50508,CUST-009,Pied Piper Logistics,P-EL-9001,259,2026-06-02,S-702056,standard,711,18743.0
ORD-50509,CUST-006,Stark Industries,P-CH-2211,495,2026-05-30,S-700708,standard,2205,79938.0
ORD-50510,CUST-007,Cyberdyne Systems,P-CH-2210,415,2026-06-05,S-700798,standard,2513,2667.0
ORD-50511,CUST-002,Globex Manufacturing,P-CH-2210,32,2026-05-25,S-702627,premium,14399,14002.0
ORD-50512,CUST-001,Acme Industrial,P-CH-2230,113,2026-05-21,S-700813,economy,278,9292.0
ORD-50513,CUST-011,Pearson Specialty Chemicals,P-MC-7100,525,2026-05-20,S-702629,standard,3163,266.0
ORD-50514,CUST-009,Pied Piper Logistics,P-EL-9002,295,2026-05-31,S-702647,premium,13670,25346.0
ORD-50515,CUST-011,Pearson Specialty Chemicals,P-PK-4501,46,2026-06-01,S-700838,economy,86,221.0
ORD-50516,CUST-009,Pied Piper Logistics,P-PW-1802,220,2026-06-07,S-702062,premium,14749,2317.0
ORD-50517,CUST-012,Massive Dynamic,P-PK-4501,477,2026-06-07,S-702728,economy,47,19620.0
ORD-50518,CUST-013,Umbrella Group,P-MC-7102,319,2026-06-18,S-702454,standard,2744,2441.0
ORD-50519,CUST-005,Wayne Enterprises,P-CH-2211,360,2026-05-28,S-703505,premium,15227,103405.0
ORD-50520,CUST-004,Soylent Foods,P-PK-4500,266,2026-06-10,S-701614,premium,4084,22167.0
ORD-50521,CUST-014,Vandelay Industries,P-CH-2211,690,2026-05-31,S-700653,standard,3095,11596.0
ORD-50522,CUST-010,Hooli Hardware,P-EL-9102,781,2026-06-03,S-700747,premium,3607,23785.0
ORD-50523,CUST-015,Sirius Cybernetics,P-PW-1802,400,2026-05-30,S-700740,premium,16608,469.0
ORD-50524,CUST-014,Vandelay Industries,P-EL-9002,759,2026-05-28,S-702518,standard,2511,43050.0
ORD-50525,CUST-007,Cyberdyne Systems,P-PW-1802,738,2026-05-22,S-701849,premium,7376,20316.0
ORD-50526,CUST-015,Sirius Cybernetics,P-CH-2230,262,2026-06-17,S-702449,premium,3601,302.0
ORD-50527,CUST-006,Stark Industries,P-MC-7200,401,2026-05-23,S-703515,standard,1947,54272.0
ORD-50528,CUST-014,Vandelay Industries,P-SN-5001,647,2026-06-01,S-700923,standard,3280,1162.0
ORD-50529,CUST-001,Acme Industrial,P-CH-2230,50,2026-06-06,S-702724,standard,1722,50057.0
ORD-50530,CUST-003,Initech Holdings,P-MC-7200,570,2026-05-22,S-701437,premium,14058,40842.0
ORD-50531,CUST-006,Stark Industries,P-MC-7100,315,2026-05-27,S-703430,economy,190,3984.0
ORD-50532,CUST-013,Umbrella Group,P-MC-7200,132,2026-05-22,S-701955,standard,3256,1928.0
ORD-50533,CUST-002,Globex Manufacturing,P-EL-9002,95,2026-06-01,S-701351,standard,1270,13609.0
ORD-50534,CUST-005,Wayne Enterprises,P-EL-9101,296,2026-05-21,S-703523,standard,3373,9227.0
ORD-50535,CUST-014,Vandelay Industries,P-PK-4500,130,2026-06-13,S-700694,standard,712,1330.0
ORD-50536,CUST-006,Stark Industries,P-MC-7100,690,2026-06-14,S-701470,standard,3304,1012.0
ORD-50537,CUST-003,Initech Holdings,P-PK-4500,593,2026-05-24,S-703262,standard,3292,5087.0
ORD-50538,CUST-001,Acme Industrial,P-MC-7101,350,2026-06-04,S-702200,standard,1192,2839.0
ORD-50539,CUST-004,Soylent Foods,P-PW-1802,752,2026-06-04,S-701334,standard,1246,591.0
ORD-50540,CUST-002,Globex Manufacturing,P-EL-9001,176,2026-05-23,S-703586,premium,16198,208.0
ORD-50541,CUST-005,Wayne Enterprises,P-CH-2230,750,2026-06-21,S-701103,standard,1829,23008.0
ORD-50542,CUST-004,Soylent Foods,P-CH-2210,518,2026-06-04,S-701169,standard,2917,3693.0
ORD-50543,CUST-010,Hooli Hardware,P-SN-5001,239,2026-05-22,S-701054,premium,15816,25979.0
ORD-50544,CUST-014,Vandelay Industries,P-PK-4500,308,2026-06-10,S-702003,standard,1176,6270.0
ORD-50545,CUST-015,Sirius Cybernetics,P-EL-9003,766,2026-05-22,S-701799,premium,9697,1353.0
ORD-50546,CUST-013,Umbrella Group,P-EL-9101,483,2026-06-10,S-701710,economy,31,7819.0
ORD-50547,CUST-014,Vandelay Industries,P-EL-9102,95,2026-06-02,S-702066,standard,1793,6140.0
ORD-50548,CUST-009,Pied Piper Logistics,P-MC-7200,297,2026-06-03,S-702381,premium,9924,26568.0
ORD-50549,CUST-003,Initech Holdings,P-MC-7100,317,2026-05-25,S-703454,standard,2142,858.0
ORD-50550,CUST-007,Cyberdyne Systems,P-SW-3001,81,2026-06-12,S-700624,economy,172,2964.0
ORD-50551,CUST-012,Massive Dynamic,P-EL-9101,761,2026-05-20,S-702107,premium,17149,1065.0
ORD-50552,CUST-011,Pearson Specialty Chemicals,P-PW-1802,672,2026-05-23,S-702452,economy,325,250000.0
ORD-50553,CUST-005,Wayne Enterprises,P-SW-3001,410,2026-06-06,S-702924,standard,2244,24863.0
ORD-50554,CUST-006,Stark Industries,P-EL-9102,697,2026-06-04,S-701853,standard,1111,409.0
ORD-50555,CUST-001,Acme Industrial,P-MC-7100,291,2026-05-22,S-701240,premium,14133,3657.0
ORD-50556,CUST-006,Stark Industries,P-SW-3002,304,2026-05-23,S-702171,standard,3114,2129.0
ORD-50557,CUST-014,Vandelay Industries,P-SW-3001,686,2026-06-05,S-702986,premium,8943,1658.0
ORD-50558,CUST-007,Cyberdyne Systems,P-CH-2211,230,2026-06-07,S-701173,premium,15036,7439.0
ORD-50559,CUST-002,Globex Manufacturing,P-PK-4500,461,2026-05-20,S-700630,premium,16861,87681.0
ORD-50560,CUST-009,Pied Piper Logistics,P-EL-9102,528,2026-05-22,S-702797,standard,3492,88.0
ORD-50561,CUST-011,Pearson Specialty Chemicals,P-EL-9002,561,2026-05-21,S-703302,standard,1636,70533.0
ORD-50562,CUST-005,Wayne Enterprises,P-SW-3002,52,2026-05-27,S-702717,standard,683,15196.0
ORD-50563,CUST-004,Soylent Foods,P-SW-3001,246,2026-05-22,S-703200,premium,10807,12271.0
ORD-50564,CUST-004,Soylent Foods,P-MC-7102,214,2026-06-01,S-702187,premium,15787,3543.0
ORD-50565,CUST-012,Massive Dynamic,P-PK-4501,482,2026-06-09,S-703546,standard,780,9239.0
ORD-50566,CUST-007,Cyberdyne Systems,P-MC-7101,148,2026-06-07,S-700805,premium,15780,72326.0
ORD-50567,CUST-006,Stark Industries,P-EL-9101,588,2026-06-03,S-702185,standard,1801,912.0
ORD-50568,CUST-012,Massive Dynamic,P-CH-2230,389,2026-05-23,S-700720,standard,1133,1592.0
ORD-50569,CUST-005,Wayne Enterprises,P-EL-9002,188,2026-05-31,S-703146,economy,106,603.0
ORD-50570,CUST-006,Stark Industries,P-MC-7101,319,2026-05-20,S-703553,economy,200,241049.0
ORD-50571,CUST-006,Stark Industries,P-SN-5001,128,2026-06-15,S-701606,economy,20,11617.0
ORD-50572,CUST-002,Globex Manufacturing,P-SN-5001,594,2026-05-31,S-702021,standard,2018,44673.0
ORD-50573,CUST-005,Wayne Enterprises,P-CH-2211,25,2026-05-25,S-701179,premium,7263,2923.0
ORD-50574,CUST-008,Tyrell Corporation,P-MC-7102,670,2026-05-23,S-701700,standard,1323,285.0
ORD-50575,CUST-010,Hooli Hardware,P-CH-2230,198,2026-05-24,S-702347,standard,2687,4084.0
ORD-50576,CUST-007,Cyberdyne Systems,P-CH-2230,355,2026-05-25,S-703093,standard,3036,11851.0
ORD-50577,CUST-015,Sirius Cybernetics,P-PK-4501,33,2026-06-24,S-702584,standard,3476,276.0
ORD-50578,CUST-004,Soylent Foods,P-EL-9003,675,2026-05-25,S-702191,premium,8274,7066.0
ORD-50579,CUST-004,Soylent Foods,P-PW-1801,657,2026-05-24,S-703161,premium,12560,43170.0
ORD-50580,CUST-009,Pied Piper Logistics,P-PW-1850,581,2026-06-07,S-701896,standard,1864,83429.0
ORD-50581,CUST-009,Pied Piper Logistics,P-EL-9003,360,2026-05-24,S-702202,economy,160,395.0
ORD-50582,CUST-006,Stark Industries,P-PW-1801,248,2026-06-03,S-701083,standard,1326,435.0
ORD-50583,CUST-006,Stark Industries,P-SN-5001,568,2026-06-01,S-701338,standard,1619,2227.0
ORD-50584,CUST-002,Globex Manufacturing,P-EL-9102,737,2026-05-31,S-700881,standard,3320,5959.0
ORD-50585,CUST-005,Wayne Enterprises,P-MC-7102,236,2026-05-30,S-701553,standard,668,1042.0
ORD-50586,CUST-015,Sirius Cybernetics,P-PW-1801,223,2026-05-20,S-703176,standard,1357,6785.0
ORD-50587,CUST-010,Hooli Hardware,P-EL-9002,689,2026-05-26,S-703081,standard,1216,1790.0
ORD-50588,CUST-009,Pied Piper Logistics,P-SN-5001,617,2026-05-22,S-701572,standard,1755,24774.0
ORD-50589,CUST-010,Hooli Hardware,P-PW-1850,395,2026-06-05,S-703193,standard,1482,306.0
ORD-50590,CUST-001,Acme Industrial,P-PW-1850,467,2026-06-20,S-703424,standard,2359,1921.0
ORD-50591,CUST-013,Umbrella Group,P-SW-3001,795,2026-05-30,S-701460,premium,16637,344.0
ORD-50592,CUST-011,Pearson Specialty Chemicals,P-PW-1802,664,2026-06-21,S-702650,standard,725,326.0
ORD-50593,CUST-004,Soylent Foods,P-MC-7101,497,2026-05-22,S-700735,premium,8594,266.0
ORD-50594,CUST-014,Vandelay Industries,P-MC-7100,305,2026-06-05,S-702869,economy,321,32069.0
ORD-50595,CUST-008,Tyrell Corporation,P-CH-2210,541,2026-05-23,S-703555,standard,560,12396.0
ORD-50596,CUST-015,Sirius Cybernetics,P-EL-9101,696,2026-05-22,S-702738,standard,2613,3099.0
ORD-50597,CUST-003,Initech Holdings,P-SW-3001,25,2026-05-22,S-702467,standard,3463,103715.0
ORD-50598,CUST-012,Massive Dynamic,P-EL-9101,374,2026-06-11,S-701414,standard,2221,24120.0
ORD-50599,CUST-014,Vandelay Industries,P-MC-7100,142,2026-06-08,S-703273,standard,2713,1848.0
ORD-50600,CUST-011,Pearson Specialty Chemicals,P-EL-9002,579,2026-06-02,S-702574,standard,1824,4772.0
ORD-50601,CUST-001,Acme Industrial,P-PW-1801,345,2026-05-28,S-702119,standard,1627,1768.0
ORD-50602,CUST-015,Sirius Cybernetics,P-EL-9002,451,2026-05-27,S-701141,standard,1221,307.0
ORD-50603,CUST-008,Tyrell Corporation,P-EL-9101,141,2026-05-24,S-702075,standard,2885,250000.0
ORD-50604,CUST-003,Initech Holdings,P-EL-9102,332,2026-06-06,S-701794,premium,4467,1079.0
ORD-50605,CUST-012,Massive Dynamic,P-PK-4501,453,2026-05-22,S-701960,standard,1527,261.0
ORD-50606,CUST-011,Pearson Specialty Chemicals,P-CH-2211,257,2026-05-21,S-702951,standard,2111,28431.0
ORD-50607,CUST-009,Pied Piper Logistics,P-CH-2210,569,2026-06-08,S-701429,standard,2542,6849.0
ORD-50608,CUST-009,Pied Piper Logistics,P-EL-9101,656,2026-05-22,S-703255,premium,9836,13.0
ORD-50609,CUST-002,Globex Manufacturing,P-MC-7200,63,2026-05-20,S-702819,economy,340,957.0
ORD-50610,CUST-007,Cyberdyne Systems,P-EL-9002,587,2026-05-20,S-701055,standard,3085,1072.0
ORD-50611,CUST-013,Umbrella Group,P-EL-9002,380,2026-06-05,S-702018,premium,10022,504.0
ORD-50612,CUST-001,Acme Industrial,P-CH-2210,456,2026-06-01,S-701982,premium,17286,110.0
ORD-50613,CUST-004,Soylent Foods,P-SN-5001,459,2026-05-21,S-701914,standard,2959,1489.0
ORD-50614,CUST-013,Umbrella Group,P-MC-7100,331,2026-06-24,S-702035,premium,9710,32310.0
ORD-50615,CUST-008,Tyrell Corporation,P-PW-1850,731,2026-06-03,S-700997,standard,545,43537.0
ORD-50616,CUST-005,Wayne Enterprises,P-CH-2230,208,2026-05-23,S-701736,premium,15674,3015.0
ORD-50617,CUST-010,Hooli Hardware,P-PW-1802,507,2026-06-09,S-702058,standard,1829,1460.0
ORD-50618,CUST-013,Umbrella Group,P-MC-7102,27,2026-05-20,S-700920,premium,17436,13003.0
ORD-50619,CUST-010,Hooli Hardware,P-SW-3001,452,2026-06-12,S-701311,standard,2714,14171.0
ORD-50620,CUST-015,Sirius Cybernetics,P-EL-9102,560,2026-05-20,S-702039,standard,3334,448.0
ORD-50621,CUST-002,Globex Manufacturing,P-SN-5001,275,2026-06-02,S-701089,economy,91,118.0
ORD-50622,CUST-005,Wayne Enterprises,P-PK-4500,737,2026-05-27,S-701743,economy,370,14587.0
ORD-50623,CUST-011,Pearson Specialty Chemicals,P-SW-3001,289,2026-06-06,S-702654,economy,156,1012.0
ORD-50624,CUST-013,Umbrella Group,P-CH-2230,659,2026-05-22,S-702929,premium,16093,23128.0
ORD-50625,CUST-011,Pearson Specialty Chemicals,P-EL-9101,592,2026-06-01,S-701926,standard,2668,5365.0
ORD-50626,CUST-015,Sirius Cybernetics,P-SW-3001,338,2026-06-01,S-703059,premium,14889,3328.0
ORD-50627,CUST-006,Stark Industries,P-SN-5001,795,2026-05-20,S-701099,premium,17316,18539.0
ORD-50628,CUST-002,Globex Manufacturing,P-MC-7101,351,2026-06-01,S-700691,standard,1947,2161.0
ORD-50629,CUST-012,Massive Dynamic,P-SN-5001,596,2026-06-03,S-701829,standard,2276,505.0
ORD-50630,CUST-006,Stark Industries,P-PK-4501,319,2026-05-31,S-703266,premium,9946,4295.0
ORD-50631,CUST-004,Soylent Foods,P-PW-1802,721,2026-05-24,S-701800,standard,2287,78897.0
ORD-50632,CUST-005,Wayne Enterprises,P-EL-9003,395,2026-05-23,S-702316,standard,2476,3452.0
ORD-50633,CUST-007,Cyberdyne Systems,P-CH-2211,116,2026-06-02,S-703442,standard,2587,11775.0
ORD-50634,CUST-006,Stark Industries,P-CH-2211,209,2026-06-05,S-701397,standard,1636,321.0
ORD-50635,CUST-013,Umbrella Group,P-PW-1850,689,2026-05-29,S-700623,standard,3337,250000.0
ORD-50636,CUST-015,Sirius Cybernetics,P-MC-7101,684,2026-05-23,S-701081,premium,11687,15873.0
ORD-50637,CUST-004,Soylent Foods,P-SW-3001,590,2026-06-13,S-700800,standard,1355,1843.0
ORD-50638,CUST-013,Umbrella Group,P-MC-7100,645,2026-06-04,S-703104,standard,1951,162.0
ORD-50639,CUST-003,Initech Holdings,P-SN-5001,497,2026-05-23,S-701424,economy,211,503.0
ORD-50640,CUST-007,Cyberdyne Systems,P-MC-7102,725,2026-06-04,S-703486,economy,73,32540.0
ORD-50641,CUST-014,Vandelay Industries,P-EL-9001,701,2026-06-04,S-701014,economy,240,1234.0
ORD-50642,CUST-011,Pearson Specialty Chemicals,P-SN-5001,476,2026-05-22,S-700873,standard,539,4776.0
ORD-50643,CUST-015,Sirius Cybernetics,P-PW-1850,65,2026-05-20,S-701036,standard,1106,23641.0
ORD-50644,CUST-004,Soylent Foods,P-MC-7200,534,2026-05-24,S-701048,standard,2635,14220.0
ORD-50645,CUST-015,Sirius Cybernetics,P-MC-7102,452,2026-06-09,S-702366,standard,2607,5883.0
ORD-50646,CUST-006,Stark Industries,P-PK-4500,102,2026-06-03,S-702379,premium,17527,9057.0
ORD-50647,CUST-005,Wayne Enterprises,P-MC-7102,532,2026-05-30,S-703347,standard,946,250000.0
ORD-50648,CUST-003,Initech Holdings,P-PW-1850,157,2026-05-26,S-701616,premium,8035,249.0
ORD-50649,CUST-012,Massive Dynamic,P-MC-7101,347,2026-06-01,S-701525,standard,2059,13080.0
ORD-50650,CUST-001,Acme Industrial,P-EL-9003,721,2026-06-03,S-702363,standard,2289,937.0
ORD-50651,CUST-001,Acme Industrial,P-PK-4501,376,2026-05-20,S-700669,standard,1299,2544.0
ORD-50652,CUST-015,Sirius Cybernetics,P-SW-3002,25,2026-06-10,S-702353,economy,54,89054.0
ORD-50653,CUST-002,Globex Manufacturing,P-EL-9102,128,2026-06-02,S-701868,standard,3164,156.0
ORD-50654,CUST-013,Umbrella Group,P-PK-4501,789,2026-05-30,S-701932,premium,3973,95.0
ORD-50655,CUST-002,Globex Manufacturing,P-SN-5001,680,2026-05-30,S-702729,economy,375,2221.0
ORD-50656,CUST-002,Globex Manufacturing,P-PW-1802,204,2026-06-07,S-701964,premium,8006,436.0
ORD-50657,CUST-012,Massive Dynamic,P-PW-1850,426,2026-06-05,S-700730,premium,14573,2495.0
ORD-50658,CUST-001,Acme Industrial,P-SW-3001,724,2026-06-09,S-702360,standard,1581,1905.0
ORD-50659,CUST-001,Acme Industrial,P-MC-7101,683,2026-06-02,S-701593,economy,326,2147.0
ORD-50660,CUST-007,Cyberdyne Systems,P-MC-7101,628,2026-05-27,S-702538,standard,2650,332.0
ORD-50661,CUST-011,Pearson Specialty Chemicals,P-EL-9001,597,2026-05-21,S-702236,premium,14207,4744.0
ORD-50662,CUST-004,Soylent Foods,P-EL-9002,146,2026-05-21,S-700642,premium,9513,1774.0
ORD-50663,CUST-010,Hooli Hardware,P-MC-7200,714,2026-06-11,S-701642,standard,3382,1532.0
ORD-50664,CUST-009,Pied Piper Logistics,P-EL-9102,495,2026-05-25,S-702383,economy,326,3152.0
ORD-50665,CUST-003,Initech Holdings,P-SN-5001,270,2026-05-31,S-700799,standard,1344,169306.0
ORD-50666,CUST-011,Pearson Specialty Chemicals,P-EL-9002,477,2026-06-03,S-701163,standard,3369,11261.0
ORD-50667,CUST-010,Hooli Hardware,P-CH-2211,350,2026-06-19,S-702067,standard,754,10218.0
ORD-50668,CUST-001,Acme Industrial,P-PK-4501,48,2026-05-31,S-702726,standard,1475,8523.0
ORD-50669,CUST-014,Vandelay Industries,P-SW-3001,715,2026-05-23,S-701159,standard,1697,2921.0
ORD-50670,CUST-014,Vandelay Industries,P-PW-1801,694,2026-05-20,S-701812,standard,1556,1916.0
ORD-50671,CUST-004,Soylent Foods,P-MC-7200,710,2026-06-08,S-703219,standard,2020,29002.0
ORD-50672,CUST-007,Cyberdyne Systems,P-SN-5001,794,2026-05-23,S-701185,standard,2212,25335.0
ORD-50673,CUST-010,Hooli Hardware,P-SN-5001,500,2026-06-23,S-701788,standard,2256,4390.0
ORD-50674,CUST-009,Pied Piper Logistics,P-PK-4501,614,2026-05-22,S-702299,premium,15885,838.0
ORD-50675,CUST-011,Pearson Specialty Chemicals,P-EL-9002,508,2026-06-13,S-701771,economy,177,7400.0
ORD-50676,CUST-008,Tyrell Corporation,P-PW-1802,418,2026-05-20,S-702484,standard,863,6803.0
ORD-50677,CUST-008,Tyrell Corporation,P-PW-1850,763,2026-05-22,S-702794,standard,1593,1339.0
ORD-50678,CUST-002,Globex Manufacturing,P-SW-3002,519,2026-05-26,S-702581,standard,572,18551.0
ORD-50679,CUST-005,Wayne Enterprises,P-PK-4501,83,2026-06-01,S-701521,standard,3269,41911.0
ORD-50680,CUST-010,Hooli Hardware,P-PW-1850,254,2026-06-04,S-702072,premium,7015,1790.0
ORD-50681,CUST-013,Umbrella Group,P-MC-7102,192,2026-05-28,S-702774,economy,171,327.0
ORD-50682,CUST-012,Massive Dynamic,P-SN-5001,236,2026-05-24,S-702034,standard,2944,299.0
ORD-50683,CUST-001,Acme Industrial,P-EL-9101,23,2026-05-29,S-702507,standard,1816,10166.0
ORD-50684,CUST-011,Pearson Specialty Chemicals,P-SN-5001,514,2026-05-20,S-701012,premium,8159,1522.0
ORD-50685,CUST-005,Wayne Enterprises,P-CH-2211,549,2026-05-20,S-700728,standard,2151,23068.0
ORD-50686,CUST-005,Wayne Enterprises,P-SW-3001,407,2026-05-20,S-701346,premium,15463,26227.0
ORD-50687,CUST-011,Pearson Specialty Chemicals,P-MC-7200,97,2026-06-01,S-703522,premium,15165,95.0
ORD-50688,CUST-002,Globex Manufacturing,P-CH-2230,530,2026-06-01,S-702888,standard,2461,200.0
ORD-50689,CUST-007,Cyberdyne Systems,P-PW-1802,719,2026-05-23,S-701053,premium,3112,871.0
ORD-50690,CUST-004,Soylent Foods,P-PW-1850,686,2026-06-01,S-703479,standard,1507,2718.0
ORD-50691,CUST-010,Hooli Hardware,P-MC-7101,567,2026-05-30,S-701140,standard,3025,1895.0
ORD-50692,CUST-014,Vandelay Industries,P-PK-4501,238,2026-05-22,S-702709,standard,988,2702.0
ORD-50693,CUST-013,Umbrella Group,P-MC-7101,709,2026-06-10,S-703237,standard,3178,5146.0
ORD-50694,CUST-006,Stark Industries,P-EL-9101,319,2026-05-22,S-701306,standard,560,1714.0
ORD-50695,CUST-010,Hooli Hardware,P-EL-9003,54,2026-06-07,S-700765,premium,10371,1788.0
ORD-50696,CUST-007,Cyberdyne Systems,P-SW-3002,284,2026-06-09,S-701983,premium,13916,2315.0
ORD-50697,CUST-014,Vandelay Industries,P-EL-9002,659,2026-05-23,S-702343,premium,15103,1214.0
ORD-50698,CUST-015,Sirius Cybernetics,P-EL-9003,250,2026-06-08,S-703167,standard,3170,649.0
ORD-50699,CUST-009,Pied Piper Logistics,P-PW-1801,298,2026-05-23,S-701777,standard,1988,4402.0
ORD-50700,CUST-006,Stark Industries,P-EL-9002,437,2026-05-24,S-702136,premium,3140,586.0
ORD-50701,CUST-008,Tyrell Corporation,P-MC-7101,692,2026-06-07,S-701002,standard,2773,250000.0
ORD-50702,CUST-009,Pied Piper Logistics,P-SW-3001,672,2026-06-03,S-703163,premium,11657,2141.0
ORD-50703,CUST-001,Acme Industrial,P-EL-9001,469,2026-06-07,S-701708,economy,381,12217.0
ORD-50704,CUST-009,Pied Piper Logistics,P-EL-9002,650,2026-05-24,S-703016,standard,799,1793.0
ORD-50705,CUST-005,Wayne Enterprises,P-MC-7102,470,2026-06-06,S-702318,standard,2750,11820.0
ORD-50706,CUST-001,Acme Industrial,P-EL-9102,526,2026-05-20,S-702469,standard,3146,4587.0
ORD-50707,CUST-011,Pearson Specialty Chemicals,P-MC-7102,600,2026-05-21,S-702844,standard,3001,8322.0
ORD-50708,CUST-002,Globex Manufacturing,P-CH-2230,629,2026-05-21,S-702701,standard,2093,5583.0
ORD-50709,CUST-012,Massive Dynamic,P-MC-7102,465,2026-05-23,S-701761,standard,1851,845.0
ORD-50710,CUST-002,Globex Manufacturing,P-CH-2230,631,2026-06-11,S-700874,standard,749,2582.0
ORD-50711,CUST-011,Pearson Specialty Chemicals,P-SW-3002,667,2026-05-22,S-701991,standard,2992,289.0
ORD-50712,CUST-001,Acme Industrial,P-MC-7100,560,2026-06-16,S-700943,standard,2635,402.0
ORD-50713,CUST-011,Pearson Specialty Chemicals,P-EL-9002,83,2026-05-23,S-702351,premium,8196,21801.0
ORD-50714,CUST-004,Soylent Foods,P-PK-4501,724,2026-05-20,S-701366,premium,17159,7428.0
ORD-50715,CUST-003,Initech Holdings,P-PW-1850,624,2026-05-23,S-702221,standard,1603,502.0
ORD-50716,CUST-002,Globex Manufacturing,P-EL-9102,107,2026-05-23,S-700891,premium,7575,5347.0
ORD-50717,CUST-006,Stark Industries,P-MC-7101,599,2026-05-24,S-702012,standard,1000,44150.0
ORD-50718,CUST-009,Pied Piper Logistics,P-MC-7200,358,2026-05-30,S-702487,premium,7720,8696.0
ORD-50719,CUST-004,Soylent Foods,P-MC-7100,300,2026-05-22,S-701599,standard,1785,9257.0
ORD-50720,CUST-007,Cyberdyne Systems,P-PW-1850,635,2026-05-23,S-702589,standard,3332,4993.0
ORD-50721,CUST-015,Sirius Cybernetics,P-MC-7200,192,2026-06-06,S-700871,standard,2504,2834.0
ORD-50722,CUST-013,Umbrella Group,P-MC-7200,374,2026-06-14,S-701077,standard,1008,3209.0
ORD-50723,CUST-002,Globex Manufacturing,P-MC-7102,323,2026-05-31,S-703025,standard,1895,5137.0
ORD-50724,CUST-014,Vandelay Industries,P-MC-7101,498,2026-06-19,S-701104,premium,4142,422.0
ORD-50725,CUST-014,Vandelay Industries,P-SW-3002,507,2026-05-21,S-701076,standard,2938,230.0
ORD-50726,CUST-001,Acme Industrial,P-EL-9101,368,2026-05-22,S-702124,standard,3335,52406.0
ORD-50727,CUST-009,Pied Piper Logistics,P-PW-1801,211,2026-06-04,S-702949,economy,86,15852.0
ORD-50728,CUST-003,Initech Holdings,P-MC-7102,92,2026-05-30,S-702870,standard,2038,307.0
ORD-50729,CUST-011,Pearson Specialty Chemicals,P-CH-2230,37,2026-06-03,S-702579,economy,289,1218.0
ORD-50730,CUST-005,Wayne Enterprises,P-EL-9003,470,2026-06-09,S-701488,premium,16638,7677.0
ORD-50731,CUST-015,Sirius Cybernetics,P-PW-1801,572,2026-05-29,S-701129,standard,1862,841.0
ORD-50732,CUST-010,Hooli Hardware,P-EL-9002,25,2026-06-09,S-702995,economy,285,1938.0
ORD-50733,CUST-008,Tyrell Corporation,P-MC-7101,684,2026-06-05,S-701095,standard,2347,5384.0
ORD-50734,CUST-008,Tyrell Corporation,P-EL-9102,680,2026-05-30,S-702712,premium,17959,32055.0
ORD-50735,CUST-010,Hooli Hardware,P-MC-7102,668,2026-06-01,S-701836,standard,501,1021.0
ORD-50736,CUST-008,Tyrell Corporation,P-SW-3001,571,2026-05-22,S-700677,standard,2671,40725.0
ORD-50737,CUST-003,Initech Holdings,P-CH-2210,594,2026-05-24,S-701061,standard,2470,46413.0
ORD-50738,CUST-011,Pearson Specialty Chemicals,P-EL-9002,635,2026-05-22,S-703510,standard,1368,39393.0
ORD-50739,CUST-004,Soylent Foods,P-EL-9001,208,2026-06-10,S-703583,standard,1537,68365.0
ORD-50740,CUST-010,Hooli Hardware,P-MC-7100,528,2026-06-05,S-701347,standard,2365,259.0
ORD-50741,CUST-003,Initech Holdings,P-CH-2230,507,2026-05-20,S-700620,standard,2036,16706.0
ORD-50742,CUST-013,Umbrella Group,P-PK-4501,666,2026-06-05,S-701703,standard,3463,361.0
ORD-50743,CUST-001,Acme Industrial,P-CH-2230,499,2026-05-25,S-702049,premium,4645,293.0
ORD-50744,CUST-007,Cyberdyne Systems,P-SW-3001,627,2026-05-22,S-701661,standard,2502,9043.0
ORD-50745,CUST-009,Pied Piper Logistics,P-MC-7100,307,2026-06-01,S-701906,economy,347,645.0
ORD-50746,CUST-001,Acme Industrial,P-MC-7102,396,2026-05-23,S-703015,standard,1656,25860.0
ORD-50747,CUST-008,Tyrell Corporation,P-MC-7100,527,2026-05-24,S-703125,economy,334,148.0
ORD-50748,CUST-013,Umbrella Group,P-SW-3001,661,2026-05-28,S-702958,standard,1774,54131.0
ORD-50749,CUST-013,Umbrella Group,P-EL-9102,704,2026-05-22,S-703282,standard,2995,739.0
